Name,Level,Access to,County,Activity Regions,Counselor Email,Dashboard Link,roger Email,Permission Email,Notes
,,Full Service = all cluster/pathway and activity - Virtual only Virtual activities  - M7 = only Educator activities,,,,,,,
Almond-Bancroft High School,High School,Full Service,PORTAGE,"Portage, Waupaca, Waushara, Marathon","jbecker@abschools.k12.wi.us, dchapa@abschools.k12.wi.us",https://www.formstack.com/admin/submission/report/41273755?share=k92CSg4k6D,roger@waupacaareachamber.com ,,
Almond-Bancroft Middle School,Middle School,Full Service,PORTAGE,"Portage, Waupaca, Waushara, Marathon","jbecker@abschools.k12.wi.us, dchapa@abschools.k12.wi.us",https://www.formstack.com/admin/submission/report/41273755?share=k92CSg4k6D,roger@waupacaareachamber.com ,,
Antigo High School,High School,Full Service ,LANGLADE,"Langlade, Lincoln, Marathon, Oneida, Shawano",marlen@antigoschools.com,https://www.formstack.com/admin/submission/report/36334131?share=bp2JRHi9Jb,"bholbrook@cesa9.org, vbrooks@cesa9.org",,
Antigo Middle School,Middle School,Full Service ,LANGLADE,"Langlade, Lincoln, Marathon, Oneida, Shawano",marlen@antigoschools.com,https://www.formstack.com/admin/submission/report/36334131?share=bp2JRHi9Jb,"bholbrook@cesa9.org, vbrooks@cesa9.org",,
Arrowhead UHS School District,"High School, Middle School","M7-Educator = Educator only, no student access",Waukesha,Waukesha,,Waukesha,rogerm7@cesa1.k12.wi.us,,https://www.formstack.com/admin/submission/report/43877934?share=K3VhwOr0Rs
Beaver Dam High School,High School,Full Service,DODGE,"Columbia, Dodge, Fond duLac, Green Lake, Washington, Winnebago","hillj@bdusd.org, wilken@bdusd.org, dezarnh@bdusd.org",https://www.formstack.com/admin/submission/report/30331086?share=fOFOD8POBa,"rdroesslermersch@cesa6.org, rward@cesa6.org",,
Beaver Dam Middle School,Middle School,Virtual,DODGE,,,https://www.formstack.com/admin/submission/report/30331086?share=fOFOD8POBa,"rdroesslermersch@cesa6.org, rward@cesa6.org",,
Berlin High School,High School,Full Service,Green Lake,"Calumet, Columbia, Dodge, Fond duLac, Green Lake, Outagamie, Ozaukee, Washington, Waushara, Winnebago",aragus@berlin.k12.wi.us; mwillett@berlin.k12.wi.us,https://www.formstack.com/admin/submission/report/43585463?share=XvQsTa2bHB,"rdroesslermersch@cesa6.org, rward@cesa6.org",,
Big Foot UHS School District,"High School, Middle School",M7-Educator,Walworth,Walworth,,Walworth,rogerm7@cesa1.k12.wi.us,,https://www.formstack.com/admin/submission/report/43877951?share=YjzUuKigPt
Brown Deer School District,"High School, Middle School",M7-Educator,Milwaukee,Milwaukee,,Milwaukee,rogerm7@cesa1.k12.wi.us,,https://www.formstack.com/admin/submission/report/43877963?share=vnL0B1vTKi
Burlington Area School District,"High School, Middle School",M7-Educator,Walworth,Walworth,,Walworth,rogerm7@cesa1.k12.wi.us,,https://www.formstack.com/admin/submission/report/43877963?share=vnL0B1vTKi
Campbellsport High School,High School,Full Service,Fond duLac,"Brown, Calumet, Columbia, Dodge, Fond duLac, Green Lake, Manitowoc, Outagamie, Ozaukee, Sheboygan, Washington, Winnebago",KGRAVELLE@CSD.K12.WI.US; SSVOBODA@CSD.K12.WI.US,https://www.formstack.com/admin/submission/report/30332486?share=MZKIOnpa26,"rdroesslermersch@cesa6.org, rward@cesa6.org",,
Campbellsport Middle School,Middle School,Virtual,Fond duLac,,SWAHLGREN@CSD.K12.WI.US,https://www.formstack.com/admin/submission/report/30332486?share=MZKIOnpa26,"rdroesslermersch@cesa6.org, rward@cesa6.org",,
Cedar Grove Belgium High School,High School,Full Service,SHEBOYGAN,"Sheboygan, Ozaukee",msmillie@cgbrockets.com,https://www.formstack.com/admin/submission/report/30332644?share=QwxSa2Yn1O,mmotiska@rogersheboygancounty.org,,
Cedar Grove Belgium Middle School,Middle School,Full Service,SHEBOYGAN,"Sheboygan, Ozaukee",bsmittkamp@cgbrockets.com,https://www.formstack.com/admin/submission/report/30332644?share=QwxSa2Yn1O,mmotiska@rogersheboygancounty.org,,
Cedarburg School District,"High School, Middle School",M7-Educator,Ozaukee M7,Ozaukee M7,,Ozaukee M7,rogerm7@cesa1.k12.wi.us,,https://www.formstack.com/admin/submission/report/43877965?share=BBTP5xKsys
Central High School,High School,Full Service,SHEBOYGAN,Sheboygan,aberlin@centralhs.org,https://www.formstack.com/admin/submission/report/30332864?share=kI3K0ljhbw,mmotiska@rogersheboygancounty.org,,
Central/Westosha UHS School District,"High School, Middle School",M7-Educator,Kenosha,Kenosha,,Kenosha,rogerm7@cesa1.k12.wi.us,,https://www.formstack.com/admin/submission/report/43877966?share=7H7rQEDGWy
CESA 1 - Other Schools,"Middle School, High School",M7-Educator,Milwaukee,"Milwaukee, Waukesha, Ozaukee M7, Washington M7, Racine, Kenosha, Walworth",,Milwaukee,rogerm7@cesa1.k12.wi.us,,https://www.formstack.com/admin/submission/report/44917501?share=ATHOErRU88
Chain Exploration Center,Middle School,Full Service,WAUPACA,"Waupaca, Waushara, Outagamie, Winnebago",cnaparalla@waupacaschools.org,https://www.formstack.com/admin/submission/report/44643701?share=VmftARFIix,roger@waupacaareachamber.com ,,
Change Academy,High School,Full Service,SHEBOYGAN,Sheboygan,kpeterson@sasd.net,https://www.formstack.com/admin/submission/report/30332865?share=6c4dPYe91y,mmotiska@rogersheboygancounty.org,,
Chilton High School,High School,Full Service,CALUMET,"Brown, Calumet, Outagamie, Winnebago",,https://www.formstack.com/admin/submission/report/30332852?share=6s4utL7Qe3,"cpavelski@cesa6.org, rward@cesa6.org",,
Chilton Middle School,Middle School,Virtual,CALUMET,"Brown, Calumet, Outagamie, Winnebago",,https://www.formstack.com/admin/submission/report/30332852?share=6s4utL7Qe3,"cpavelski@cesa6.org, rward@cesa6.org",,
Clintonville High School,High School,Full Service,WAUPACA,"Waupaca, Shawano, Outagamie","tkuhn@clintonville.k12.wi.us, phuettner@clintonville.k12.wi.us",https://www.formstack.com/admin/submission/report/39910841?share=vJwkkXo3T6,roger@waupacaareachamber.com ,,
Clintonville Middle School,Middle School,Full Service,WAUPACA,"Waupaca, Shawano, Outagamie","tkuhn@clintonville.k12.wi.us, phuettner@clintonville.k12.wi.us",https://www.formstack.com/admin/submission/report/39910841?share=vJwkkXo3T6,roger@waupacaareachamber.com ,,
Coleman High School,High School,Virtual,,,kmayer@coleman.k12.wi.us,https://www.formstack.com/admin/submission/report/36334145?share=LuQOcefkP2,"bholbrook@cesa9.org, vbrooks@cesa9.org",,
Cudahy School District,"High School, Middle School",M7-Educator,Milwaukee,Milwaukee,,Milwaukee,rogerm7@cesa1.k12.wi.us,,https://www.formstack.com/admin/submission/report/43877978?share=WNnBM3vBs7
Delavan Darien School District,"High School, Middle School",M7-Educator,Walworth,Walworth,,Walworth,rogerm7@cesa1.k12.wi.us,,https://www.formstack.com/admin/submission/report/43878023?share=S2lxXogIFg
Denmark High School,High School,Full Service,Brown,"Brown, Calumet, Dodge, Fond duLac, Green Lake, Manitowoc, Outagamie, Ozaukee, Sheboygan, Washington, Winnebago",,https://www.formstack.com/admin/submission/report/36999497?share=vzWkuhepNv,"cpavelski@cesa6.org, rward@cesa6.org",,
Dodgeland High School,High School,Full Service,DODGE,"Columbia, Dodge, Fond duLac, Green Lake, Washington, Winnebago",buss@dodgeland.k12.wi.us,https://www.formstack.com/admin/submission/report/30332910?share=xtfADHJG3r,"rdroesslermersch@cesa6.org, rward@cesa6.org",,
Dodgeland Middle School,Middle School,Virtual,DODGE,,buss@dodgeland.k12.wi.us,https://www.formstack.com/admin/submission/report/30332910?share=xtfADHJG3r,"rdroesslermersch@cesa6.org, rward@cesa6.org",,
East Troy Community School District,"High School, Middle School",M7-Educator,Walworth,Walworth,,Walworth,rogerm7@cesa1.k12.wi.us,,https://www.formstack.com/admin/submission/report/43878035?share=4ywkstz1oE
Elkhart Lake Glenbeulah High School,High School,Full Service,SHEBOYGAN,"Calumet, Sheboygan, Fond duLac, ",mbunyea@goresorters.com,https://www.formstack.com/admin/submission/report/30332933?share=NtuSiG7K5x,mmotiska@rogersheboygancounty.org,,
Elkhart Lake Glenbeulah Middle School,Middle School,Full Service,SHEBOYGAN,"Calumet, Sheboygan",jshanahan@goresorters.com,https://www.formstack.com/admin/submission/report/30332933?share=NtuSiG7K5x,mmotiska@rogersheboygancounty.org,,
Elkhorn Area School District,"High School, Middle School",M7-Educator,Walworth,Walworth,,Walworth,rogerm7@cesa1.k12.wi.us,,https://www.formstack.com/admin/submission/report/43878047?share=OUxt4ByPcP
Elmbrook School District,"High School, Middle School",M7-Educator,Waukesha,Waukesha,,Waukesha,rogerm7@cesa1.k12.wi.us,,https://www.formstack.com/admin/submission/report/43878059?share=e2bHvKUORJ
Escuela Verde,"High School, Middle School",M7-Educator,Milwaukee,Milwaukee,,Milwaukee,rogerm7@cesa1.k12.wi.us,,https://www.formstack.com/admin/submission/report/43878060?share=UNBpIBVuOi
Étude High School,High School,Full Service,SHEBOYGAN,Sheboygan,ckissinger@etudegroup.org,https://www.formstack.com/admin/submission/report/30332717?share=qwW915u1uT,mmotiska@rogersheboygancounty.org,,
Étude Middle School,Middle School,Full Service,SHEBOYGAN,Sheboygan,,https://www.formstack.com/admin/submission/report/30332717?share=qwW915u1uT,mmotiska@rogersheboygancounty.org,,
Fall River School District,High School,Full Service,COLUMBIA,"Columbia, Dodge, Fond duLac, Washington","aliebent@fallriver.k12.wi.us, jcrombie@fallriver.k12.wi.us",https://www.formstack.com/admin/submission/report/47236748?share=qfZhdFteQY,"rward@cesa6.org, rdroesslermersch@cesa6.org","aliebent@fallriver.k12.wi.us, jcrombie@fallriver.k12.wi.us",
Farnsworth Middle School - Sheboygan,Middle School,Full Service,SHEBOYGAN,Sheboygan,jwetzel@sasd.net,https://www.formstack.com/admin/submission/report/30333013?share=8h7e6cMOa0,mmotiska@rogersheboygancounty.org,,
Fond du Lac High School,High School,Full Service,Fond duLac,"Brown, Calumet, Columbia, Dodge, Fond duLac, Green Lake, Manitowoc, Outagamie, Ozaukee, Sheboygan, Washington, Winnebago","krugt@fonddulac.k12.wi.us,odekirkan@fonddulac.k12.wi.us,michalkiewiczt@fonddulac.k12.wi.us",https://www.formstack.com/admin/submission/report/30333036?share=jVxIeKwJ3O,"rdroesslermersch@cesa6.org, rward@cesa6.org",,
Fox Point J2 School District,Middle School,M7-Educator,Milwaukee,Milwaukee,,Milwaukee,rogerm7@cesa1.k12.wi.us,,https://www.formstack.com/admin/submission/report/43878072?share=LpHsStTmxK
Fox Valley Lutheran High School,High School,Full Service,OUTAGAMIE,"Brown, Calumet, Outagamie, Winnebago",,https://www.formstack.com/admin/submission/report/38607593?share=AiZBsUBPZF,"cpavelski@cesa6.org, rward@cesa6.org",,
Franklin Public School District,"High School, Middle School",M7-Educator,Milwaukee,Milwaukee,,Milwaukee,rogerm7@cesa1.k12.wi.us,,https://www.formstack.com/admin/submission/report/43878073?share=lxvX1Cnywk
Freedom High School ,High School,Full Service,OUTAGAMIE,"Brown, Calumet, Outagamie, Winnebago",,https://www.formstack.com/admin/submission/report/36999462?share=egWgQbke7y,"cpavelski@cesa6.org, rward@cesa6.org",,
George D. Warriner High School,High School,Full Service,SHEBOYGAN,Sheboygan,jmaramonte@warrinerschools.org,https://www.formstack.com/admin/submission/report/30332818?share=y3vXqAMgHH,mmotiska@rogersheboygancounty.org,,
George D. Warriner Middle School - Sheboygan,Middle School,Full Service,SHEBOYGAN,Sheboygan,jmaramonte@warrinerschools.org,https://www.formstack.com/admin/submission/report/30332818?share=y3vXqAMgHH,mmotiska@rogersheboygancounty.org,,
Germantown School District,"High School, Middle School",M7-Educator,Washington M7,Washington M7,,Washington M7,rogerm7@cesa1.k12.wi.us,,https://www.formstack.com/admin/submission/report/43878074?share=ab7Mo01289
Glendale-River Hills School District,Middle School,M7-Educator,Milwaukee,Milwaukee,,Milwaukee,rogerm7@cesa1.k12.wi.us,,https://www.formstack.com/admin/submission/report/43878086?share=gFLMpBurPU
Grafton School District,"High School, Middle School",M7-Educator,Ozaukee M7,Ozaukee M7,,Ozaukee M7,rogerm7@cesa1.k12.wi.us,,https://www.formstack.com/admin/submission/report/43878087?share=paEnpT2zrB
Greendale School District,"High School, Middle School",M7-Educator,Milwaukee,Milwaukee,,Milwaukee,rogerm7@cesa1.k12.wi.us,,https://www.formstack.com/admin/submission/report/43878088?share=pY6B8YS4WT
Greenfield School District,"High School, Middle School",M7-Educator,Milwaukee,Milwaukee,,Milwaukee,rogerm7@cesa1.k12.wi.us,,https://www.formstack.com/admin/submission/report/43878089?share=AZeJzHKXaz
Greenville Middle School - Hortonville,Middle School,Virtual,OUTAGAMIE,,,https://www.formstack.com/admin/submission/report/30333073?share=bCPsWtxu1i,"cpavelski@cesa6.org, rward@cesa6.org",,
Gresham High School,High School,Virtual,,,laginas@gresham.k12.wi.us,https://www.formstack.com/admin/submission/report/36334181?share=n87nRBpaqa,"bholbrook@cesa9.org, vbrooks@cesa9.org",,
Hamilton School District,"High School, Middle School",M7-Educator,Waukesha,Waukesha,,Waukesha,rogerm7@cesa1.k12.wi.us,,https://www.formstack.com/admin/submission/report/43878090?share=CTmPk0WLyC
Hartford UHS School District,"High School, Middle School",M7-Educator,Washington M7,Washington M7,,Washington M7,rogerm7@cesa1.k12.wi.us,,https://www.formstack.com/admin/submission/report/43878091?share=NwSZFoQya9
Hartland-Lakeside J3 School District,Middle School,M7-Educator,Waukesha,Waukesha,,Waukesha,rogerm7@cesa1.k12.wi.us,,https://www.formstack.com/admin/submission/report/43878092?share=9HBm0WpFGS
Hilbert High School,High School,Full Service,CALUMET,"Brown, Calumet, Outagamie, Winnebago",,https://www.formstack.com/admin/submission/report/30333108?share=ZhXpe5siMW,"cpavelski@cesa6.org, rward@cesa6.org",,
Hilbert Middle School,Middle School,Virtual,CALUMET,"Brown, Calumet, Outagamie, Winnebago",,https://www.formstack.com/admin/submission/report/30333108?share=ZhXpe5siMW,"cpavelski@cesa6.org, rward@cesa6.org",,
Horace Mann Middle School - Sheboygan,Middle School,Full Service,SHEBOYGAN,Sheboygan,"cthoele@sasd.net, rzenk@sasd.net",https://www.formstack.com/admin/submission/report/30333013?share=8h7e6cMOa0,mmotiska@rogersheboygancounty.org,,
Horace Mann Middle School - Wausau,Middle School,Full Service ,MARATHON,"Langlade, Lincoln, Marathon, Oneida, Shawano","jrauscher@wausauschools.org,jwinter@wausauschools.org ",https://www.formstack.com/admin/submission/report/36334233?share=iZcKqfE7fC,"bholbrook@cesa9.org, vbrooks@cesa9.org",,
Horicon High School,High School,Full Service,Dodge,"Columbia, Dodge, Fond duLac, Green Lake, Washington, Winnebago",kdezeeuw@horicon.k12.wi.us,https://www.formstack.com/admin/submission/report/36999773?share=RWNDTo67p3,"rdroesslermersch@cesa6.org, rward@cesa6.org",,
Hortonville High School,High School,Full Service,OUTAGAMIE,"Brown, Calumet, Outagamie, Winnebago",,https://www.formstack.com/admin/submission/report/30333073?share=bCPsWtxu1i,"cpavelski@cesa6.org, rward@cesa6.org",,
Hortonville Middle School,Middle School,Virtual,OUTAGAMIE,,,https://www.formstack.com/admin/submission/report/30333073?share=bCPsWtxu1i,"cpavelski@cesa6.org, rward@cesa6.org",,
Howards Grove High School,High School,Full Service,SHEBOYGAN,"Sheboygan, Manitowoc",kneave@hgsd.k12.wi.us,https://www.formstack.com/admin/submission/report/30333232?share=wAXo5uO1MY,mmotiska@rogersheboygancounty.org,,
Howards Grove Middle School,Middle School,Full Service,SHEBOYGAN,"Sheboygan, Manitowoc",jluecke@hgsd.k12.wi.us,https://www.formstack.com/admin/submission/report/30333232?share=wAXo5uO1MY,mmotiska@rogersheboygancounty.org,,
Iola-Scandinavia High School,High School,Full Service,WAUPACA,"Waupaca,Outagamie,Marathon,Shawano,Portage",,https://www.formstack.com/admin/submission/report/38165845?share=DlxUPA7Zr5,roger@waupacaareachamber.com ,,
Iola-Scandinavia Middle School,Middle School,Full Service,WAUPACA,"Waupaca,Outagamie,Marathon,Shawano,Portage",,https://www.formstack.com/admin/submission/report/38165845?share=DlxUPA7Zr5,roger@waupacaareachamber.com ,,
James Williams Middle School - Rhinelander,Middle School,Full Service,ONEIDA,"Langlade, Lincoln, Marathon, Oneida",allenale@rhinelander.k12.wi.us,https://www.formstack.com/admin/submission/report/30333244?share=sXVIS7YHun,"bholbrook@cesa9.org, vbrooks@cesa9.org",,
John Muir Middle School - Wausau,Middle School,Full Service ,MARATHON,"Langlade, Lincoln, Marathon, Oneida, Shawano","jrauscher@wausauschools.org,jwinter@wausauschools.org ",https://www.formstack.com/admin/submission/report/36334233?share=iZcKqfE7fC,"bholbrook@cesa9.org, vbrooks@cesa9.org",,
Kaukauna High School,High School,Full Service,OUTAGAMIE,"Brown, Calumet, Outagamie, Winnebago",fischerw@kaukaunasd.org,https://www.formstack.com/admin/submission/report/30333278?share=4WCd3VHbVH,"cpavelski@cesa6.org, rward@cesa6.org",,
Kenosha School District,"High School, Middle School",M7-Educator,Kenosha,Kenosha,,Kenosha,rogerm7@cesa1.k12.wi.us,,https://www.formstack.com/admin/submission/report/43878093?share=bWaAiHDQjj
Kettle Moraine School District,"High School, Middle School",M7-Educator,Waukesha,Waukesha,,Waukesha,rogerm7@cesa1.k12.wi.us,,https://www.formstack.com/admin/submission/report/43878099?share=rl9obus6EF
Kewaskum School District,"High School, Middle School",M7-Educator,Washington M7,Washington M7,,Washington M7,rogerm7@cesa1.k12.wi.us,,https://www.formstack.com/admin/submission/report/43878100?share=vFFPyYPBzE
Kiel High School,High School,Full Service,SHEBOYGAN,"Calumet, Manitowoc, Sheboygan","haprill@kiel.k12.wi.us, cvajgrt@kiel.k12.wi.us",https://www.formstack.com/admin/submission/report/30333335?share=teJocwFUXg,mmotiska@rogersheboygancounty.org,,
Kiel Middle School,Middle School,Full Service,SHEBOYGAN,"Calumet, Manitowoc, Sheboygan",mkautzer@kiel.k12.wi.us,https://www.formstack.com/admin/submission/report/30333335?share=teJocwFUXg,mmotiska@rogersheboygancounty.org,,
Kohler High School,High School,Full Service,SHEBOYGAN,Sheboygan,nachreinerc@kohler.k12.wi.us ,https://www.formstack.com/admin/submission/report/30333336?share=qldEN6bb0F,mmotiska@rogersheboygancounty.org,,
Kohler Middle School,Middle School,Full Service,SHEBOYGAN,Sheboygan,oconnorm@kohler.k12.wi.us ,https://www.formstack.com/admin/submission/report/30333336?share=qldEN6bb0F,mmotiska@rogersheboygancounty.org,,
L.B. Clarke Middle School - Two Rivers,Middle School,Virtual,MANITOWOC,,,https://www.formstack.com/admin/submission/report/30333338?share=Tu71tjF1e1,mstolp@cesa6.org,,
Lake Country Academy,Middle School,Full Service,SHEBOYGAN,Sheboygan,,,mmotiska@rogersheboygancounty.org,,
Lake Country School District,Middle School,M7-Educator,Waukesha,Waukesha,,Waukesha,rogerm7@cesa1.k12.wi.us,,https://www.formstack.com/admin/submission/report/43878101?share=lSA9HCMiDC
Lake Geneva Genoa City UHS school,"High School, Middle School",M7-Educator,Walworth,Walworth,,Walworth,rogerm7@cesa1.k12.wi.us,,https://www.formstack.com/admin/submission/report/43878102?share=4kNwUo8qW5
Lakeland University,College/Post-Secondary,Full Service,SHEBOYGAN,"Sheboygan, Manitowoc, Calumet, Ozaukee",,https://www.formstack.com/admin/submission/report/30333361?share=7n8N32MVbC,mmotiska@rogersheboygancounty.org,,
Lincoln High School - Manitowoc,High School,Full Service,MANITOWOC,"Brown, Calumet, Dodge, Fond duLac, Green Lake, Manitowoc, Outagamie, Ozaukee, Sheboygan, Washington, Winnebago",schooltowork@mpsd.school,https://www.formstack.com/admin/submission/report/30333362?share=SEjunzjZF2,mstolp@cesa6.org,,
Little Chute Career Pathways Academy,High School,Full Service,OUTAGAMIE,"Brown, Calumet, Outagamie, Winnebago","lgretz@littlechute.k12.wi.us, mmokrzycki@littlechute.k12.wi.us",https://www.formstack.com/admin/submission/report/30333426?share=ImAPHhPawD,"cpavelski@cesa6.org, rward@cesa6.org",,
Little Chute Flex Academy,Middle School,Virtual,OUTAGAMIE,,,https://www.formstack.com/admin/submission/report/30333426?share=ImAPHhPawD,"cpavelski@cesa6.org, rward@cesa6.org",,
Little Chute High School,High School,Full Service,OUTAGAMIE,"Brown, Calumet, Outagamie, Winnebago","lgretz@littlechute.k12.wi.us, mmokrzycki@littlechute.k12.wi.us",https://www.formstack.com/admin/submission/report/30333426?share=ImAPHhPawD,"cpavelski@cesa6.org, rward@cesa6.org",,
Little Chute Middle School,Middle School,Virtual,OUTAGAMIE,,,https://www.formstack.com/admin/submission/report/30333426?share=ImAPHhPawD,"cpavelski@cesa6.org, rward@cesa6.org",,
Little Wolf High School,High School,Full Service,WAUPACA,"Waupaca, Shawano, Outagamie, Portage","mjohnson@manawaschools.org, scordes@manawaschools.org",https://www.formstack.com/admin/submission/report/40353382?share=3FZlOION2x,roger@waupacaareachamber.com ,,
Lomira High School,High School,Full Service,DODGE,"Brown, Calumet, Columbia, Dodge, Fond duLac, Green Lake, Manitowoc, Outagamie, Ozaukee, Sheboygan, Washington, Winnebago","dweibye@lomira.k12.wi.us, thanke@lomira.k12.wi.us, slehman@lomira.k12.wi.us",https://www.formstack.com/admin/submission/report/30363304?share=ftXfknFZAv,"rdroesslermersch@cesa6.org, rward@cesa6.org",,
Lomira Middle School,Middle School,Virtual,DODGE,,"stschimperle@lomira.k12.wi.us, slehman@lomira.k12.wi.us",https://www.formstack.com/admin/submission/report/30363304?share=ftXfknFZAv,"rdroesslermersch@cesa6.org, rward@cesa6.org",,
LTC,College/Post-Secondary,Full Service,SHEBOYGAN,"Sheboygan, Manitowoc, Calumet, Ozaukee",,https://www.formstack.com/admin/submission/report/30333427?share=futGFnXELK,mmotiska@rogersheboygancounty.org,,
Manawa Middle School,Middle School,Full Service,WAUPACA,"Waupaca, Shawano, Outagamie, Portage",mjohnson@manawaschools.org,https://www.formstack.com/admin/submission/report/40353382?share=3FZlOION2x,roger@waupacaareachamber.com ,,
Maple Dale-Indian Hill School District,Middle School,M7-Educator,Milwaukee,Milwaukee,,Milwaukee,rogerm7@cesa1.k12.wi.us,,https://www.formstack.com/admin/submission/report/43878114?share=I0HjGjd4vo
Maplewood Middle School - Menasha,Middle School,Virtual,WINNEBAGO,,,https://www.formstack.com/admin/submission/report/30333440?share=jfWp7Q1vyU,"rward@cesa6.org, cpavelski@cesa6.org",,
Mayville High School,High School,Full Service,Dodge,"Columbia, Dodge, Fond duLac, Green Lake, Washington, Winnebago",gloomans@mayville.k12.wi.us,https://www.formstack.com/admin/submission/report/36999916?share=4I28l3Nuz7,"rdroesslermersch@cesa6.org, rward@cesa6.org",,
McKinley Academy - Manitowoc,High School,Full Service,MANITOWOC,"Brown, Calumet, Dodge, Fond duLac, Green Lake, Manitowoc, Outagamie, Ozaukee, Sheboygan, Washington, Winnebago",hollya@mpsd.school,https://www.formstack.com/admin/submission/report/36686921?share=gYWw3Qa3jF,mstolp@cesa6.org,,
Menasha High School,High School,Full Service,WINNEBAGO,"Brown, Calumet, Outagamie, Winnebago",,https://www.formstack.com/admin/submission/report/30333440?share=jfWp7Q1vyU,"rward@cesa6.org, cpavelski@cesa6.org",,
Menomonee Falls School District,"High School, Middle School",M7-Educator,Waukesha,Waukesha,,Waukesha,rogerm7@cesa1.k12.wi.us,,https://www.formstack.com/admin/submission/report/43878126?share=j7bHAIVUfM
Mequon Thiensville School District,"High School, Middle School",M7-Educator,Ozaukee M7,Ozaukee M7,,Ozaukee M7,rogerm7@cesa1.k12.wi.us,,https://www.formstack.com/admin/submission/report/43878127?share=hyvAXSksQD
Merton Community School District,Middle School,M7-Educator,Waukesha,Waukesha,,Waukesha,rogerm7@cesa1.k12.wi.us,,https://www.formstack.com/admin/submission/report/43878150?share=i5fLywrFqs
Milwaukee Academy of Science,"High School, Middle School",M7-Educator,Milwaukee,Milwaukee,,Milwaukee,rogerm7@cesa1.k12.wi.us,,https://www.formstack.com/admin/submission/report/43878151?share=ni8bw2QKDR
Milwaukee Collegiate Academy,"High School, Middle School",M7-Educator,Milwaukee,Milwaukee,,Milwaukee,rogerm7@cesa1.k12.wi.us,,https://www.formstack.com/admin/submission/report/43878153?share=AiZig6Ov59
Milwaukee School District,"High School, Middle School",M7-Educator,MPS,"MPS, Milwaukee",,MPS,rogerm7@cesa1.k12.wi.us,,https://www.formstack.com/admin/submission/report/43878187?share=DwdtpKTx9c
Mukwonago School District,"High School, Middle School",M7-Educator,Waukesha,Waukesha,,Waukesha,rogerm7@cesa1.k12.wi.us,,https://www.formstack.com/admin/submission/report/43878188?share=HzuYikedA3
Muskego Norway School District,"High School, Middle School",M7-Educator,Waukesha,Waukesha,,Waukesha,rogerm7@cesa1.k12.wi.us,,https://www.formstack.com/admin/submission/report/43878189?share=5Yheee3ubs
Neenah High School,High School,Full Service,Winnebago,"Brown, Calumet, Fond duLac, Outagamie, Winnebago","natalie.shea@neenah.k12.wi.us, kpopp@neenah.k12.wi.us",https://www.formstack.com/admin/submission/report/44021084?share=b2VDvtu5ww,"rward@cesa6.org, cpavelski@cesa6.org","natalie.shea@neenah.k12.wi.us, kpopp@neenah.k12.wi.us",
New Berlin School District,"High School, Middle School",M7-Educator,Waukesha,Waukesha,,Waukesha,rogerm7@cesa1.k12.wi.us,,https://www.formstack.com/admin/submission/report/43878201?share=VTCc7hsCs8
New Holstein High School,High School,Full Service,CALUMET,"Brown, Calumet, Outagamie, Winnebago","oschad@nhsd.k12.wi.us, bzoelle@nhsd.k12.wi.us ",https://www.formstack.com/admin/submission/report/30333465?share=53o0NRon1Q,"cpavelski@cesa6.org, rward@cesa6.org",,
New Holstein Middle School,Middle School,Virtual,CALUMET,"Brown, Calumet, Outagamie, Winnebago",,https://www.formstack.com/admin/submission/report/30333465?share=53o0NRon1Q,"cpavelski@cesa6.org, rward@cesa6.org",,
New London High School,High School,Full Service,WAUPACA,"Waupaca,Outagamie,Winnebago","byerkey@newlondon.k12.wi.us,rschussl@newlondon.k12.wi.us,bmarquar@newlondon.k12.wi.us,cflander@newlondon.k12.wi.us,emarcus@newlondon.k12.wi.us,kkaepernick@newlondon.k12.wi.us ",https://www.formstack.com/admin/submission/report/37749186?share=uQfVANDoNR,roger@waupacaareachamber.com ,,
New London Middle School,Middle School,Full Service,WAUPACA,"Waupaca,Outagamie,Winnebago","apinch@newlondon.k12.wi.us,treynoso@newlondon.k12.wi.us,wberglund@newlondon.k12.wi.us,mdickrel@newlondon.k12.wi.us",https://www.formstack.com/admin/submission/report/37749186?share=uQfVANDoNR,roger@waupacaareachamber.com ,,
Nicolet UHS School District,"High School, Middle School",M7-Educator,Milwaukee,Milwaukee,,Milwaukee,rogerm7@cesa1.k12.wi.us,,https://www.formstack.com/admin/submission/report/43878213?share=5PvSWbYCpr
Norris School District,"High School, Middle School",M7-Educator,Waukesha,Waukesha,,Waukesha,rogerm7@cesa1.k12.wi.us,,https://www.formstack.com/admin/submission/report/43878214?share=7x4Swz7X0n
North Fond du Lac (Exploration High School),High School,Full Service,Fond duLac,"Brown, Calumet, Dodge, Fond duLac, Manitowoc, Outagamie, Sheboygan, Washington, Winnebago",aseidel@nfdlschools.org,https://www.formstack.com/admin/submission/report/45909384?share=c4KvfVlL38,"rdroesslermersch@cesa6.org, rward@cesa6.org",,
North Fond du Lac (Horace Mann),High School,Full Service,Fond duLac,"Brown, Calumet, Columbia, Dodge, Fond duLac, Green Lake, Manitowoc, Outagamie, Ozaukee, Sheboygan, Washington, Winnebago", jgoebel@nfdlschools.org; jstahl@nfdlschools.org,https://www.formstack.com/admin/submission/report/36999917?share=WLnMpABHtz,"rdroesslermersch@cesa6.org, rward@cesa6.org",,
North Lake School District,Middle School,M7-Educator,Waukesha,Waukesha,,Waukesha,rogerm7@cesa1.k12.wi.us,,https://www.formstack.com/admin/submission/report/43878215?share=Jyu3iZ4FFm
Northeastern Wisconsin Lutheran High School (NEW Lutheran High School),High School,Full Service,BROWN,"Brown, Calumet, Dodge, Fond duLac, Green Lake, Manitowoc, Outagamie, Ozaukee, Sheboygan, Washington, Winnebago",,https://www.formstack.com/admin/submission/report/36999930?share=kiqRdKtJJ0,rward@cesa6.org,,
Oak Creek Franklin School District,"High School, Middle School",M7-Educator,Milwaukee,Milwaukee,,Milwaukee,rogerm7@cesa1.k12.wi.us,,https://www.formstack.com/admin/submission/report/43878216?share=XbtnYIzkzN
Oakfield High School ,High School,Full Service,Fond duLac,"Columbia, Dodge, Fond duLac, Green Lake, Washington, Winnebago",jschindel@oakfield.k12.wi.us,https://www.formstack.com/admin/submission/report/37000036?share=6Mc1TQo0a1,"rdroesslermersch@cesa6.org, rward@cesa6.org",,
Oconomowoc Area School District,"High School, Middle School",M7-Educator,Waukesha,Waukesha,,Waukesha,rogerm7@cesa1.k12.wi.us,,https://www.formstack.com/admin/submission/report/43878217?share=QY6xu7VD6l
Omro High School,High School,Full Service,WINNEBAGO,"Brown, Calumet, Dodge, Fond duLac, Green Lake, Manitowoc, Outagamie, Ozaukee, Sheboygan, Washington, Winnebago",rwill@omro.k12.wi.us ,https://www.formstack.com/admin/submission/report/30333574?share=dRaYUvMy2r,"rward@cesa6.org, rdroesslermersch@cesa6.org",,
Omro Middle School,Middle School,Virtual,WINNEBAGO,,csabel@omro.k12.wi.us ,https://www.formstack.com/admin/submission/report/30333574?share=dRaYUvMy2r,"rward@cesa6.org, rdroesslermersch@cesa6.org",,
Oostburg High School,High School,Full Service,SHEBOYGAN,"Sheboygan, Ozaukee",maggie.stielow@oostburg.k12.wi.us,https://www.formstack.com/admin/submission/report/30333586?share=GYxcek4ef9,mmotiska@rogersheboygancounty.org,,
Oostburg Middle School,Middle School,Full Service,SHEBOYGAN,"Sheboygan, Ozaukee",,https://www.formstack.com/admin/submission/report/30333586?share=GYxcek4ef9,mmotiska@rogersheboygancounty.org,,
Other,"High School, Middle School, College/Post-Secondary",Virtual,,,,,mmotiska@rogersheboygancounty.org,,
Pewaukee School District,"High School, Middle School",M7-Educator,Waukesha,Waukesha,,Waukesha,rogerm7@cesa1.k12.wi.us,,https://www.formstack.com/admin/submission/report/43878218?share=8FzbXHU3FW
Plymouth High School,High School,Full Service,SHEBOYGAN,"Sheboygan, Calumet, Ozaukee",,https://www.formstack.com/admin/submission/report/30333588?share=8PmOkWWKEr,mmotiska@rogersheboygancounty.org,,
Port Washington High School,High School,Full Service,OZAUKEE,"Sheboygan, Ozaukee, Washington, Washington M7, Ozaukee M7","diana.pasten@pwssd.k12.wi.us,jacob.mason@pwssd.k12.wi.us, jeffery.cole@pwssd.k12.wi.us ",https://www.formstack.com/admin/submission/report/30333589?share=Ao2xY9pNR3 Ozaukee,"mmotiska@rogersheboygancounty.org, rogerM7@cesa1.k12.wi.us",,
Racine School District,"High School, Middle School",M7-Educator,Racine,Racine,,Racine,rogerm7@cesa1.k12.wi.us,,https://www.formstack.com/admin/submission/report/43878219?share=Qbj4NdkA1q
Random Lake High School,High School,Full Service,SHEBOYGAN,"Sheboygan, Ozaukee, Washington",jfrias@rladvantage.org,https://www.formstack.com/admin/submission/report/30333612?share=T2I9rNezqX,mmotiska@rogersheboygancounty.org,,
Random Lake Middle School,Middle School,Full Service,SHEBOYGAN,"Sheboygan, Ozaukee, Washington",progers@rladvantage.org,https://www.formstack.com/admin/submission/report/30333612?share=T2I9rNezqX,mmotiska@rogersheboygancounty.org,,
Rhinelander High School,High School,Full Service,ONEIDA,"Langlade, Lincoln, Marathon, Oneida",allenale@rhinelander.k12.wi.us,https://www.formstack.com/admin/submission/report/30333244?share=sXVIS7YHun,"bholbrook@cesa9.org, vbrooks@cesa9.org",,
Richmond School District,Middle School,M7-Educator,Waukesha,Waukesha,,Waukesha,rogerm7@cesa1.k12.wi.us,,https://www.formstack.com/admin/submission/report/43878220?share=PWvazhOouH
Ripon High School,High School,Full Service,Fond duLac,"Brown, Calumet, Columbia, Dodge, Fond duLac, Green Lake, Manitowoc, Outagamie, Ozaukee, Sheboygan, Washington, Winnebago","vogelsangl@ripon.k12.wi.us, LeveranceS@ripon.k12.wi.us, kandlerd@ripon.k12.wi.us",https://www.formstack.com/admin/submission/report/37000081?share=NxvJ7Z8wLN,"rdroesslermersch@cesa6.org, rward@cesa6.org",,
River View Middle School - Kaukauna,Middle School,Virtual,OUTAGAMIE,,,https://www.formstack.com/admin/submission/report/30333278?share=4WCd3VHbVH,"cpavelski@cesa6.org, rward@cesa6.org",,
Riverview Middle School - Plymouth,Middle School,Full Service,SHEBOYGAN,"Sheboygan, Calumet",,https://www.formstack.com/admin/submission/report/30333588?share=8PmOkWWKEr,mmotiska@rogersheboygancounty.org,,
Rocket Academy,High School,Full Service,Sheboygan,"Sheboygan, Ozaukee, Washington",dfriend@cgbrockets.com ,https://www.formstack.com/admin/submission/report/45267309?share=J70ZMft74D,mmotiska@rogersheboygancounty.org,,
Roncalli High School,High School,Full Service,MANITOWOC,"Brown, Calumet, Dodge, Fond duLac, Green Lake, Manitowoc, Outagamie, Ozaukee, Sheboygan, Washington, Winnebago",,https://www.formstack.com/admin/submission/report/30333636?share=l0sa3N9zwg,mstolp@cesa6.org,,
Rosendale-Brandon (Laconia High School),High School,Full Service,Fond duLac,"Columbia, Dodge, Fond duLac, Green Lake, Washington, Winnebago",barbdaw@rbsd.k12.wi.us,https://www.formstack.com/admin/submission/report/37000093?share=7rZDgHTZ7l,"rdroesslermersch@cesa6.org, rward@cesa6.org",,
Saint Francis School District,"High School, Middle School",M7-Educator,Milwaukee,Milwaukee,,Milwaukee,rogerm7@cesa1.k12.wi.us,,https://www.formstack.com/admin/submission/report/43878221?share=lXu6fxp6ij
"Seeds of Health, Inc","High School, Middle School",M7-Educator,Milwaukee,Milwaukee,,Milwaukee,rogerm7@cesa1.k12.wi.us,,https://www.formstack.com/admin/submission/report/43878233?share=y6Iwtn7XtO
Seymour High School,High School,Full Service,OUTAGAMIE,"Brown, Calumet, Outagamie,  Winnebago",,https://www.formstack.com/admin/submission/report/36334086?share=kuYKOrjbTL,"cpavelski@cesa6.org, rward@cesa6.org",,
Seymour Middle School,Middle School,Virtual,OUTAGAMIE,,,https://www.formstack.com/admin/submission/report/36334086?share=kuYKOrjbTL,"cpavelski@cesa6.org, rward@cesa6.org",,
Sheboygan Area Lutheran High School,High School,Full Service,SHEBOYGAN,Sheboygan,,https://www.formstack.com/admin/submission/report/44020038?share=oGUW6Bmvjw,mmotiska@rogersheboygancounty.org,,
Sheboygan Christian,High School,Full Service,SHEBOYGAN,Sheboygan,jenna.ege@sheboyganchristian.com,https://www.formstack.com/admin/submission/report/30333637?share=KPVr3lBF37,mmotiska@rogersheboygancounty.org,,
Sheboygan Falls High School,High School,Full Service,SHEBOYGAN,Sheboygan,,https://www.formstack.com/admin/submission/report/30333660?share=XjVJl0OExM,mmotiska@rogersheboygancounty.org,,
Sheboygan Falls Middle School,Middle School,Full Service,SHEBOYGAN,Sheboygan,,https://www.formstack.com/admin/submission/report/30333660?share=XjVJl0OExM,mmotiska@rogersheboygancounty.org,,
Sheboygan Leadership Academy,Middle School,Full Service,SHEBOYGAN,Sheboygan,,,mmotiska@rogersheboygancounty.org,,
Sheboygan North High School,High School,Full Service,SHEBOYGAN,Sheboygan,sbraeger@sasd.net,https://www.formstack.com/admin/submission/report/30333661?share=hkAgMhjk8v,mmotiska@rogersheboygancounty.org,,
Sheboygan South High School,High School,Full Service,SHEBOYGAN,Sheboygan,,https://www.formstack.com/admin/submission/report/30333662?share=V0nCo8nw7F,mmotiska@rogersheboygancounty.org,,
Shorewood School District,"High School, Middle School",M7-Educator,Milwaukee,Milwaukee,,Milwaukee,rogerm7@cesa1.k12.wi.us,,https://www.formstack.com/admin/submission/report/43878234?share=LJ5MXx0glX
Slinger School District,"High School, Middle School",M7-Educator,Washington M7,Washington M7,,Washington M7,rogerm7@cesa1.k12.wi.us,,https://www.formstack.com/admin/submission/report/43878235?share=TkThBJOYZV
South Milwaukee School District,"High School, Middle School",M7-Educator,Milwaukee,Milwaukee,,Milwaukee,rogerm7@cesa1.k12.wi.us,,https://www.formstack.com/admin/submission/report/43878247?share=guIVqPyvGY
St. John the Baptist - Plymouth,Middle School,Full Service,SHEBOYGAN,Sheboygan,mcalkins@sjbplymouth.org,https://www.formstack.com/admin/submission/report/39829738?share=h6205AOpO1,mmotiska@rogersheboygancounty.org,,
St. Lawrence Seminary High School,High School,Full Service,Fond duLac ,"Brown, Calumet, Columbia, Dodge, Fond duLac, Green Lake, Manitowoc, Outagamie, Ozaukee, Sheboygan, Washington, Winnebago",svanissaveth@stlawrence.edu,https://www.formstack.com/admin/submission/report/38442452?share=q0t2XHoEt3,"rward@cesa6.org, rdroesslermersch@cesa6.org",,
Stockbridge High School,High School,Full Service,CALUMET,"Brown, Calumet, Outagamie, Winnebago",,https://www.formstack.com/admin/submission/report/30333721?share=VvE9bO3qE6,"cpavelski@cesa6.org, rward@cesa6.org",,
Stockbridge Middle School,Middle School,Virtual,CALUMET,,,https://www.formstack.com/admin/submission/report/30333721?share=VvE9bO3qE6,"cpavelski@cesa6.org, rward@cesa6.org",,
Stone Bank School District,Middle School,M7-Educator,Waukesha,Waukesha,,Waukesha,rogerm7@cesa1.k12.wi.us,,https://www.formstack.com/admin/submission/report/43878248?share=wjz6Vl8sfH
Suring High School,High School,Virtual,,,brigkr@suringk12.org,https://www.formstack.com/admin/submission/report/36334311?share=4quhm1tHWI,"bholbrook@cesa9.org, vbrooks@cesa9.org",,
Swallow School District,Middle School,M7-Educator,Waukesha,Waukesha,,Waukesha,rogerm7@cesa1.k12.wi.us,,https://www.formstack.com/admin/submission/report/43878260?share=xfp2hSUWi1
Test High School,High School,Full Service,CALUMET,"Calumet, Dodge, Fond duLac, Green Lake, Langlade, Lincoln, Marathon, Manitowoc, Oneida, Outagamie, Ozaukee, Portage, Shawano, Sheboygan, Taylor, Vilas, Washington, Waupaca, Waushara, Winnebago",cboutelle@rogersheboygancounty.org,Sheboygan,cboutelle@rogersheboygancounty.org,candiceboutelle@gmail.com,
Test Middle School,Middle School,Full Service,CALUMET,"Calumet, Dodge, Fond duLac, Green Lake, Langlade, Lincoln, Marathon, Manitowoc, Oneida, Outagamie, Ozaukee, Portage, Shawano, Sheboygan, Taylor, Vilas, Washington, Waupaca, Waushara, Winnebago",,,,,
TJ Middle School - Port Washington,Middle School,Full Service,OZAUKEE,"Sheboygan, Ozaukee",,https://www.formstack.com/admin/submission/report/30333589?share=Ao2xY9pNR3,mmotiska@rogersheboygancounty.org,,
Tri-County School District,"High School, Middle School",Full Service,Waushara,"Green Lake, Outagamie, Portage, Waupaca, Waushara","theresaglodoski@tcpenguin.net, emilykrystowiak@tcpenguin.net",https://www.formstack.com/admin/submission/report/44785394?share=Nycfd5QRGP,roger@waupacaareachamber.com ,,
Two Rivers High School,High School,Full Service,MANITOWOC,"Brown, Calumet, Dodge, Fond duLac, Green Lake, Manitowoc, Outagamie, Ozaukee, Sheboygan, Washington, Winnebago",lisa.klein@trschools.k12.wi.us,https://www.formstack.com/admin/submission/report/30333338?share=Tu71tjF1e1,mstolp@cesa6.org,,
Union Grove UHS School District,"High School, Middle School",M7-Educator,Racine,Racine,,Racine,rogerm7@cesa1.k12.wi.us,,https://www.formstack.com/admin/submission/report/43878261?share=udVUtZ93LC
University of Wisconsin - Green Bay,College/Post-Secondary,Full Service,BROWN,"Brown, Calumet, Manitowoc, Marinette, Outagamie, Shawano, Sheboygan, Winnebago",,https://www.formstack.com/admin/submission/report/43498655?share=J5cPxwJ12S,mmotiska@rogersheboygancounty.org,,
Urban Middle School - Sheboygan,Middle School,Full Service,SHEBOYGAN,Sheboygan,,https://www.formstack.com/admin/submission/report/30333013?share=8h7e6cMOa0,mmotiska@rogersheboygancounty.org,,
UWGB - Manitowoc,College/Post-Secondary,Full Service,MANITOWOC,"Brown, Outagamie, Sheboygan, Manitowoc, Ozaukee, Calumet, Fond duLac, Ozaukee",,https://www.formstack.com/admin/submission/report/43498619?share=XUkNSjWbDW,mmotiska@rogersheboygancounty.org,,
UWGB - Marinette,College/Post-Secondary,Full Service,MARINETTE,"Brown, Calumet, Manitowoc, Marinette, Outagamie, Shawano",,https://www.formstack.com/admin/submission/report/43498632?share=BjF8i1B2oR,mmotiska@rogersheboygancounty.org,,
UWGB - Sheboygan,College/Post-Secondary,Full Service,SHEBOYGAN,"Sheboygan, Manitowoc, Ozaukee, Calumet",,https://www.formstack.com/admin/submission/report/30333744?share=2amDRjPTFl,mmotiska@rogersheboygancounty.org,,
Valders High School,High School,Full Service,MANITOWOC,"Brown, Calumet, Dodge, Fond duLac, Green Lake, Manitowoc, Outagamie, Ozaukee, Sheboygan, Washington, Winnebago",jmcculley@valders.k12.wi.us,https://www.formstack.com/admin/submission/report/30333746?share=SZIzql6zzu,mstolp@cesa6.org,,
Valders Middle School,Middle School,Virtual,MANITOWOC,,,https://www.formstack.com/admin/submission/report/30333746?share=SZIzql6zzu,mstolp@cesa6.org,,
Washington Middle School - Manitowoc,Middle School,Virtual,MANITOWOC,,,https://www.formstack.com/admin/submission/report/30333362?share=SEjunzjZF2,mstolp@cesa6.org,,
Waterford UHS School District,"High School, Middle School",M7-Educator,Racine,Racine,,Racine,rogerm7@cesa1.k12.wi.us,,https://www.formstack.com/admin/submission/report/43878339?share=FY1gFcfXfJ
Waukesha School District,"High School, Middle School",M7-Educator,Waukesha,Waukesha,,Waukesha,rogerm7@cesa1.k12.wi.us,,https://www.formstack.com/admin/submission/report/43878351?share=pchHhXbemS
Waupaca High School,High School,Full Service,WAUPACA,"Waupaca, Outagamie, Waushara, Winnebago, Portage",jkosobucki@waupacaschools.org,https://www.formstack.com/admin/submission/report/37080003?share=gbo4zr4ezq,roger@waupacaareachamber.com ,,
Waupaca Middle School,Middle School,Full Service,WAUPACA,"Waupaca, Outagamie, Waushara, Winnebago, Portage","dbiba@waupacaschools.org,jkosobucki@waupacaschools.org,sthomaschefsky@waupacaschools.org",https://www.formstack.com/admin/submission/report/37080003?share=gbo4zr4ezq,roger@waupacaareachamber.com ,,
Waupun High School ,High School,Full Service,DODGE,"Columbia, Dodge, Fond duLac, Green Lake, Washington, Winnebago","jmueller@waupun.k12.wi.us, holsen@waupun.k12.wi.us, ddisch@waupun.k12.wi.us",https://www.formstack.com/admin/submission/report/37000106?share=mMZ0FaDx64,"rdroesslermersch@cesa6.org, rward@cesa6.org",,
Wautoma High School,High School,Full Service,WAUSHARA,"Waushara, Waupaca, Green Lake, Portage","marshallzoellnerb@wautoma.k12.wi.us, kruegerb@wautoma.k12.wi.us",https://www.formstack.com/admin/submission/report/43014365?share=5MunrDG6Hm,roger@waupacaareachamber.com ,,
Wautoma Middle School,Middle School,Full Service,WAUSHARA,"Waushara, Waupaca, Green Lake, Portage",steltert@wautoma.k12.wi.us,https://www.formstack.com/admin/submission/report/43014365?share=5MunrDG6Hm,roger@waupacaareachamber.com ,,
Wauwatosa School District,"High School, Middle School",M7-Educator,Milwaukee,Milwaukee,,Milwaukee,rogerm7@cesa1.k12.wi.us,,https://www.formstack.com/admin/submission/report/43878351?share=pchHhXbemS
West Allis School District,"High School, Middle School",M7-Educator,Milwaukee,Milwaukee,,Milwaukee,rogerm7@cesa1.k12.wi.us,,https://www.formstack.com/admin/submission/report/43878353?share=u7LWWtJr7q
West Bend School District,"High School, Middle School",M7-Educator,Washington M7,Washington M7,,Washington M7,rogerm7@cesa1.k12.wi.us,,https://www.formstack.com/admin/submission/report/43878376?share=89qUezO4aY
Weyauwega-Fremont High School,High School,Full Service,WAUPACA,"Waupaca, Outagamie, Waushara, Winnebago, Portage","jalix@wfsd.k12.wi.us,cpeterson@wfsd.k12.wi.us,jgardner@wfsd.k12.wi.us",https://www.formstack.com/admin/submission/report/38322065?share=F9TKyk35pZ,roger@waupacaareachamber.com ,,
Weyauwega-Fremont Middle School,Middle School,Full Service,WAUPACA,"Waupaca, Outagamie, Waushara, Winnebago, Portage","jalix@wfsd.k12.wi.us,cpeterson@wfsd.k12.wi.us,jgardner@wfsd.k12.wi.us",https://www.formstack.com/admin/submission/report/38322065?share=F9TKyk35pZ,roger@waupacaareachamber.com ,,
White Lake High School,High School,Virtual,,,,,"bholbrook@cesa9.org, vbrooks@cesa9.org",,
Whitefish Bay School District,"High School, Middle School",M7-Educator,Milwaukee,Milwaukee,,Milwaukee,rogerm7@cesa1.k12.wi.us,,https://www.formstack.com/admin/submission/report/43878388?share=MXz5DxYDTO
Whitewater Unified district,"High School, Middle School",M7-Educator,Walworth,Walworth,,Walworth,rogerm7@cesa1.k12.wi.us,,https://www.formstack.com/admin/submission/report/43878389?share=9xLO5U4CvM
Whitnall School District,"High School, Middle School",M7-Educator,Milwaukee,Milwaukee,,Milwaukee,rogerm7@cesa1.k12.wi.us,,https://www.formstack.com/admin/submission/report/43878401?share=SLPmcj10fU
Wild Rose Middle/High School,"High School, Middle School",Full Service,WAUSHARA,"Green Lake, Outagamie, Portage, Waupaca, Waushara, Winnebago","ramichb@wildroseschools.org, clarkd@wildroseschools.org",https://www.formstack.com/admin/submission/report/42722037?share=MCTFGypYtI,roger@waupacaareachamber.com ,,
Williams Bay School District,"High School, Middle School",M7-Educator,Walworth,Walworth,,Walworth,rogerm7@cesa1.k12.wi.us,,https://www.formstack.com/admin/submission/report/43878414?share=JcQPgBvcaH
Wilmot UHS School District,"High School, Middle School",M7-Educator,Kenosha,Kenosha,,Kenosha,rogerm7@cesa1.k12.wi.us,,https://www.formstack.com/admin/submission/report/43878415?share=p3gurAwUZ1
Wilson Middle School - Manitowoc,Middle School,Virtual,MANITOWOC,,,https://www.formstack.com/admin/submission/report/30333362?share=SEjunzjZF2,mstolp@cesa6.org,,
Winnebago Lutheran Academy,High School,Full Service,Fond duLac,"Calumet, Dodge, Fond duLac, Green Lake, Sheboygan, Washington, Winnebago",jthiesfeldt@wlavikings.org; kpappenfuss@wlavikings.org,https://www.formstack.com/admin/submission/report/42896766?share=UgkQDfHq3Z,"rdroesslermersch@cesa6.org, rward@cesa6.org",,
Winneconne High School,High School,Full Service,WINNEBAGO,"Brown, Calumet, Dodge, Fond duLac, Green Lake, Manitowoc, Outagamie, Ozaukee, Sheboygan, Washington, Winnebago","larsona@w-csd.org, meyers@w-csd.org, sonnleit@w-csd.org",https://www.formstack.com/admin/submission/report/30333784?share=qYcvWoiWn9,"rward@cesa6.org, rdroesslermersch@cesa6.org",,
Winneconne Middle School,Middle School,Virtual,WINNEBAGO,,larsona@w-csd.org,https://www.formstack.com/admin/submission/report/30333784?share=qYcvWoiWn9,"rward@cesa6.org, rdroesslermersch@cesa6.org",,
Wisconsin Lutheran High School - Learning Exchange,High School,M7-Educator,Milwaukee,"Milwaukee, Ozaukee, Washington, Waukesha",,https://www.formstack.com/admin/submission/report/47156937?share=GcH4cj6oNG,mmotiska@rogersheboygancounty.org,,
Wittenberg-Birnamwood High School,High School,Virtual,,,,,"bholbrook@cesa9.org, vbrooks@cesa9.org",,